AVG,OBP,SLG,OPS,BB%,K%,ISO,LD%,Pull%,EV,LA,Barrel%,HardHit%,maxEV,Contact%,HR,R,RBI
0.354,0.392857142,0.468641114,0.861498256,0.056726094,0.055105348,0.114982578,0.28465804,0.29595588,88.27125693,11.46699002,0.03492647,0.25183824,104.022,0.93801276,10,71,69
0.337,0.41632653,0.595645412,1.011971942,0.108843537,0.114285714,0.258164853,0.201067615,0.39679715,94.70848474,7.382276263,0.15302491,0.54982206,121.168,0.8311284,41,149,106
0.331,0.409589041,0.566718995,0.976308036,0.098630136,0.165753424,0.235478807,0.276391554,0.3646833,89.98160525,15.16828957,0.11132438,0.4184261,110.647,0.81539558,29,131,102
0.330,0.41,0.521904761,0.931904761,0.108333333,0.156666666,0.192380952,0.193995381,0.31408776,93.42974188,5.730119249,0.09468822,0.5404157,114.462,0.83449651,22,95,78
0.328,0.374613003,0.536134453,0.910747456,0.063467492,0.170278637,0.208403361,0.210633946,0.37627812,89.57453558,11.36848992,0.07361963,0.4601227,112.15,0.79231398,28,107,77
0.327,0.389925373,0.622641509,1.012566882,0.09141791,0.164179104,0.295597484,0.202531645,0.41518987,93.27183544,13.04628783,0.15189873,0.53164557,114.441,0.77210216,33,88,96
0.326,0.382003395,0.454033771,0.836037166,0.067911714,0.103565365,0.127579738,0.238396624,0.34171908,86.89661623,12.79416164,0.02725367,0.30188679,109.966,0.86012716,9,73,62
0.325,0.406779661,0.511437908,0.918217569,0.118644067,0.144067796,0.18627451,0.274661508,0.36363636,91.33609678,13.61121646,0.10058027,0.47969052,112.299,0.83050847,21,117,100
0.319,0.383471074,0.46226415,0.845735224,0.097520661,0.112396694,0.143396226,0.202531645,0.36075949,89.84464003,13.40722141,0.03375527,0.41350211,109.121,0.88061224,15,83,81
0.317,0.403697996,0.577540106,0.981238102,0.121351766,0.216589861,0.260249554,0.188679245,0.37735849,90.71934102,15.73370203,0.11502347,0.46948357,112.349,0.76266667,35,106,115
0.316,0.374792703,0.420475319,0.795268022,0.082918739,0.071310116,0.104204753,0.258382642,0.31558185,88.94032547,12.85062639,0.03550296,0.30177515,107.305,0.94083414,8,88,49
0.313,0.464831804,0.533864541,0.998696345,0.221712538,0.142201834,0.221115538,0.185990338,0.3115942,92.9535317,5.772694438,0.13285024,0.52415459,116.575,0.82087912,29,111,95
0.311,0.362204724,0.437100213,0.799304937,0.064960629,0.104330708,0.125799574,0.26201923,0.36450839,89.54989859,9.882277269,0.05755396,0.42925659,109.371,0.9,8,68,47
0.311,0.401146131,0.600993377,1.002139508,0.123209169,0.157593123,0.289735099,0.1875,0.39919355,95.12007163,9.354793278,0.15120968,0.55241935,117.391,0.7386172,48,123,111
0.311,0.424855491,0.685964912,1.110820403,0.159482758,0.251436781,0.375438597,0.1925,0.475,95.77863604,14.8930248,0.26237624,0.60891089,118.357,0.72168285,62,133,131
0.310,0.382857142,0.458244111,0.841101253,0.081749049,0.188212927,0.147751606,0.210958904,0.38005391,87.56194082,4.634811945,0.08355795,0.393531,112.883,0.77916667,12,89,55
0.309,0.42881072,0.614754098,1.043564818,0.166944908,0.223706176,0.305327869,0.219373219,0.38055556,92.47962295,13.29334713,0.18055556,0.49166667,116.33,0.69549868,35,101,84
0.309,0.337568058,0.468690702,0.80625876,0.039927404,0.215970961,0.15939279,0.227383863,0.37163814,89.65053638,4.288170354,0.07823961,0.41809291,110.165,0.75989673,17,94,61
0.309,0.362393162,0.576271186,0.938664348,0.07008547,0.206837606,0.267419962,0.266826923,0.39423077,89.84278283,14.03092604,0.10576923,0.46875,111.933,0.70943076,34,95,100
0.307,0.37717908,0.456014362,0.833193442,0.090332805,0.187004754,0.149012567,0.217488789,0.39910314,88.13089457,10.16989554,0.06502242,0.39461883,112.954,0.76902887,15,84,73
0.307,0.356115107,0.5250501,0.881165207,0.071942446,0.15647482,0.218436874,0.207547169,0.43632075,87.87197104,17.23719041,0.06132075,0.31367925,109.162,0.81244197,26,95,97
0.307,0.408369408,0.578767123,0.987136531,0.138528138,0.154401154,0.272260274,0.236514522,0.4626556,92.39904532,20.55727883,0.12448133,0.4813278,110.127,0.84898354,39,126,107
0.306,0.339434276,0.474605954,0.81404023,0.044925124,0.191347753,0.168126095,0.274122807,0.26973684,90.15915818,6.130646287,0.09628009,0.44857768,113.406,0.81796502,20,69,73
0.306,0.406417112,0.612765957,1.019183069,0.139037433,0.188948306,0.306382979,0.215633423,0.393531,95.21854941,12.2516978,0.21024259,0.59838275,117.447,0.78846154,37,95,97
0.305,0.367924528,0.410745233,0.778669761,0.07511737,0.10798122,0.105719237,0.293885601,0.37109375,85.41368928,12.63226766,0.00976563,0.25,108.688,0.88739946,5,83,43
0.304,0.37849779,0.44592346,0.82442125,0.091310751,0.162002945,0.141430948,0.204040404,0.37979798,92.18051946,7.956433526,0.09494949,0.51717172,113.026,0.79256966,15,85,75
0.304,0.412457912,0.653923541,1.066381453,0.151919866,0.238731218,0.350100604,0.182072829,0.38935574,94.39937017,13.18742456,0.19337017,0.53314917,118.586,0.70915619,44,102,95
0.304,0.373076923,0.399132321,0.772209244,0.099808061,0.147792706,0.095444686,0.22077922,0.30512821,89.1748983,12.62371352,0.05128205,0.38461538,109.805,0.81533477,5,54,51
0.303,0.367069486,0.530508474,0.89757796,0.078549848,0.253776435,0.227118644,0.25116279,0.41627907,90.09318282,14.17400308,0.13255814,0.45581395,114.217,0.73866257,33,91,107
0.302,0.390092879,0.522361359,0.912454238,0.116099071,0.184210526,0.220035778,0.255656108,0.4221219,89.37986288,13.36002051,0.1036036,0.40765766,112.733,0.77796053,24,93,90
0.302,0.358139534,0.492411467,0.850551001,0.074418604,0.227906976,0.190556493,0.213483146,0.32959641,90.27330523,8.026036523,0.09865471,0.44843049,112.95,0.7875569,27,74,76
0.300,0.392805755,0.503333333,0.896139088,0.122302158,0.153956834,0.203333333,0.244444444,0.37575758,91.4105358,11.97061021,0.11515152,0.45656566,113.552,0.80917698,31,120,83
0.300,0.387417218,0.533206831,0.920624049,0.109271523,0.144039735,0.233396585,0.203703703,0.51927438,85.91297895,16.13251885,0.07709751,0.29478458,109.764,0.84569733,28,103,57
0.300,0.365280289,0.378269617,0.743549906,0.086725663,0.130973451,0.078470825,0.213942307,0.32191781,86.82724021,2.829740152,0.00684932,0.26484018,107.885,0.86532344,2,78,43
0.298,0.34347826,0.484375,0.82785326,0.057971014,0.198550724,0.1859375,0.205128205,0.2938856,91.44681015,7.299930618,0.09861933,0.47534517,115.485,0.79973475,29,121,102
0.298,0.372641509,0.39964476,0.772286269,0.097178683,0.094043887,0.10124334,0.225742574,0.30844794,85.06313029,11.76581721,0.01375246,0.20825147,107.135,0.91875627,6,89,52
0.298,0.373406193,0.52173913,0.895145323,0.102003642,0.19125683,0.223602485,0.188481675,0.36814621,88.77887762,14.69865889,0.11488251,0.4308094,109.802,0.72504537,24,79,90
0.298,0.366459627,0.531141868,0.897601495,0.097826086,0.206521739,0.233564014,0.205816554,0.41163311,91.50770763,16.00390625,0.098434,0.48993289,112.371,0.76827243,32,100,102
0.298,0.342776203,0.466257668,0.809033871,0.063559322,0.185028248,0.168711656,0.214421252,0.45351044,88.92110717,10.2028032,0.07561437,0.41398866,112.477,0.74910137,21,101,100
0.297,0.370705244,0.466395112,0.837100356,0.061041292,0.201077199,0.16904277,0.21081081,0.40932642,87.79348606,11.70818993,0.06217617,0.37564767,109.87,0.75325885,17,66,69
0.296,0.346218487,0.523636363,0.86985485,0.060504201,0.248739495,0.227272727,0.254950495,0.42574257,91.77941406,13.10814697,0.13861386,0.48762376,115.663,0.70261163,32,92,116
0.296,0.401433691,0.42283298,0.824266671,0.139784946,0.107526881,0.126849894,0.185990338,0.30434783,92.19745186,7.740452911,0.04830918,0.48550725,114.3,0.87093154,9,71,57
0.295,0.358306188,0.52072072,0.879026908,0.081433224,0.185667752,0.225225225,0.20316027,0.34009009,93.11285608,11.26158287,0.11486486,0.50900901,113.732,0.73952342,27,84,88
0.295,0.369817578,0.493383742,0.86320132,0.102819237,0.187396351,0.198487712,0.226950354,0.45626478,89.57853229,12.52038516,0.09692671,0.43026005,113.631,0.79563319,23,90,79
0.294,0.359292035,0.557312252,0.916604287,0.093474426,0.158730158,0.262845849,0.21718377,0.35866983,91.44499553,17.59040894,0.11583924,0.47044917,111.101,0.81961471,30,83,92
0.294,0.365243004,0.514096185,0.879339189,0.098674521,0.20029455,0.220563847,0.235169491,0.38983051,92.55035828,17.10977827,0.13559322,0.50211864,112.158,0.77613169,31,102,99
0.293,0.401098901,0.498905908,0.900004809,0.146520146,0.217948717,0.205689278,0.24852071,0.37426901,91.81593101,9.148917812,0.15204678,0.46783626,115.739,0.68762089,21,84,72
0.293,0.330855018,0.477227722,0.80808274,0.046382189,0.187384044,0.184158416,0.222222222,0.35784314,90.94480972,7.572598982,0.1004902,0.48529412,113.926,0.77961165,18,76,57
0.293,0.358064516,0.533213644,0.89127816,0.083870967,0.116129032,0.240574506,0.204498977,0.47852761,88.70125192,21.71182801,0.08179959,0.38854806,111.425,0.82253771,30,73,103
0.292,0.346534653,0.467811158,0.814345811,0.051485148,0.192079207,0.175965665,0.220708446,0.42547425,86.81693844,7.505962486,0.06775068,0.33875339,113.258,0.78141499,16,76,63
0.291,0.366101694,0.46743295,0.833534644,0.10338983,0.205084745,0.176245211,0.197530864,0.40987654,89.88746142,11.60049552,0.11358025,0.44691358,114.569,0.79683131,22,70,64
0.291,0.367692307,0.444833625,0.812525932,0.07076923,0.163076923,0.154115587,0.229299363,0.38004246,88.50333278,11.02889794,0.06794055,0.38853503,111.086,0.82641196,18,85,73
0.291,0.359583952,0.518272425,0.877856377,0.087407407,0.185185185,0.227574751,0.199152542,0.43568465,89.38609937,14.80088242,0.08074534,0.39130435,109.662,0.81732419,30,91,59
0.290,0.348056537,0.435797665,0.783854202,0.068783068,0.137566137,0.145914397,0.191780821,0.34240363,87.21031931,5.76197465,0.05895692,0.37414966,113.091,0.84,14,76,58
0.290,0.332855093,0.469325153,0.802180246,0.058823529,0.222381635,0.179447853,0.204408817,0.29258517,91.86459388,8.533244639,0.09619238,0.50300601,112.397,0.79674221,24,91,93
0.289,0.367213114,0.457407407,0.824620521,0.103109656,0.206219312,0.168518519,0.161057692,0.34292566,91.33863671,4.663324462,0.09352518,0.48441247,113.935,0.74233716,17,86,78
0.289,0.337931034,0.445065176,0.78299621,0.058620689,0.139655172,0.156424581,0.185589519,0.36462882,88.9703125,3.929930839,0.06550218,0.40611354,112.275,0.83088235,15,71,72
0.289,0.350993377,0.426470588,0.777463965,0.084437086,0.158940397,0.137867647,0.2172949,0.37028825,90.01911643,7.704027564,0.07284768,0.43267108,110.794,0.83698761,13,88,63
0.287,0.372827804,0.543636363,0.916464167,0.118483412,0.249605055,0.256363636,0.231738035,0.3627204,95.822801,11.56882535,0.17632242,0.57934509,119.035,0.73404255,39,89,98
0.286,0.351955307,0.560165975,0.912121282,0.0707635,0.312849162,0.273858922,0.229559748,0.38050314,92.99990173,17.81591643,0.17924528,0.52201258,113.072,0.67475728,34,89,80
0.286,0.349131121,0.517543859,0.86667498,0.086750788,0.236593059,0.231578947,0.237647058,0.34823529,92.09847426,16.91847886,0.12441315,0.49295775,113.231,0.72991584,28,92,99
0.285,0.3567753,0.485436893,0.842212193,0.101200686,0.222984562,0.2,0.224489795,0.39795918,91.39153413,10.83876978,0.10459184,0.47959184,114.611,0.808,20,75,74
0.285,0.337568058,0.429141716,0.766709774,0.074410163,0.174228675,0.143712575,0.228155339,0.3592233,88.89465571,11.76016676,0.07038835,0.37621359,110.289,0.81232493,13,61,64
0.285,0.350375939,0.439597315,0.789973254,0.084210526,0.165413533,0.154362416,0.166666666,0.40243902,87.59146205,7.886416433,0.06097561,0.34349593,111.381,0.80905861,19,83,58
0.285,0.371534195,0.414893617,0.786427812,0.116451016,0.107208872,0.129787235,0.192307692,0.35336538,90.45510166,8.133787889,0.06730769,0.44951923,110.099,0.85793563,14,59,63
0.285,0.361502347,0.50619469,0.867697037,0.088372093,0.193798449,0.221238938,0.18993135,0.42666667,90.02394037,10.96989305,0.07555556,0.40888889,113.756,0.80470163,25,116,76
0.284,0.368815592,0.517421602,0.886237194,0.118694362,0.136498516,0.233449477,0.19105691,0.44918699,90.22381778,14.76976646,0.10420842,0.44488978,110.084,0.83862876,29,97,112
0.284,0.344642857,0.508806262,0.853449119,0.071428571,0.258928571,0.225048924,0.182561307,0.41689373,91.98864712,10.14337476,0.13079019,0.50681199,117.197,0.71223709,28,84,75
0.283,0.388888888,0.603618421,0.992507309,0.144444444,0.231944444,0.320723685,0.177528089,0.38202247,93.71401675,16.07983508,0.16404494,0.5505618,118.618,0.74585635,54,127,139
0.283,0.34643377,0.382875605,0.729309375,0.07122093,0.120639534,0.100161551,0.19074074,0.31549815,86.59518762,10.47151844,0.01660517,0.3302583,109.24,0.88811795,9,98,68
0.283,0.311940298,0.403453689,0.715393987,0.037313432,0.165671641,0.120879121,0.201886792,0.34716981,88.43895932,5.025827775,0.04528302,0.38490566,115.807,0.81274587,11,86,71
0.282,0.364468864,0.610878661,0.975347525,0.113553113,0.28021978,0.328451883,0.198170731,0.48024316,93.88178235,13.79118384,0.21276596,0.556231,116.595,0.67213115,42,99,97
0.282,0.321428571,0.409090909,0.73051948,0.052721088,0.204081632,0.127272728,0.205069124,0.3202765,88.83610178,5.632265465,0.02764977,0.43087558,111.489,0.76755218,11,77,57
0.282,0.356005788,0.474631751,0.830637539,0.105643994,0.105643994,0.193126023,0.224264705,0.51102941,89.98670152,17.99569523,0.06985294,0.40257353,111.59,0.85526316,24,87,80
0.281,0.345454545,0.51572327,0.861177815,0.082517482,0.24055944,0.23427673,0.185263157,0.41052632,92.29239892,13.49779912,0.13894737,0.48842105,116.081,0.74310595,37,117,97
0.281,0.37477148,0.529787234,0.904558714,0.109689213,0.213893967,0.248936171,0.19047619,0.40056022,88.80490634,15.81052636,0.11484594,0.42016807,114.654,0.75460718,28,70,92
0.281,0.359929078,0.472727272,0.83265635,0.106382978,0.212765957,0.191919192,0.218421052,0.40263158,89.94897073,15.77261466,0.12105263,0.42368421,112.552,0.8002103,23,73,65
0.281,0.32688588,0.409563409,0.736449289,0.054158607,0.11025145,0.128898129,0.207058823,0.36384977,87.20168833,10.66081942,0.0258216,0.3286385,109.721,0.86636971,10,60,55
0.280,0.328638497,0.418803418,0.747441915,0.0609375,0.15625,0.138461538,0.208588957,0.32995951,88.14068103,10.15656418,0.0465587,0.35222672,107.976,0.86582278,15,78,62
0.280,0.335866261,0.513422818,0.849289079,0.069696969,0.162121212,0.233221476,0.197183098,0.54527163,88.73076014,16.46066776,0.08216433,0.38877756,110.654,0.81545064,33,96,109
0.280,0.327639751,0.404721753,0.732361504,0.065217391,0.133540372,0.124789207,0.214424951,0.32163743,89.0862497,8.365571318,0.06042885,0.37816764,110.998,0.86056838,11,75,74
0.280,0.315372424,0.397610921,0.712983345,0.049128367,0.174326465,0.11774744,0.234567901,0.33744856,90.17716371,10.35410136,0.06790123,0.43004115,110.809,0.81239389,13,79,72
0.280,0.354744525,0.514143094,0.868887619,0.100729927,0.119708029,0.234608985,0.170454545,0.46590909,87.670904,20.72036466,0.06628788,0.3655303,114.242,0.86155063,29,90,126
0.279,0.365625,0.484684684,0.850309684,0.1171875,0.18125,0.205405405,0.235955056,0.36711712,90.2135007,12.12522604,0.09438202,0.4247191,116.416,0.80510018,26,104,92
0.279,0.341113105,0.4,0.741113105,0.055555555,0.134408602,0.12079208,0.238425925,0.40184758,87.17595983,14.54519456,0.0437788,0.32258065,108.222,0.8265896,8,58,60
0.279,0.352409638,0.538071065,0.890480703,0.093373493,0.215361445,0.258883248,0.204899777,0.36363636,92.91948253,13.06331018,0.15044248,0.51548673,114.365,0.74140508,38,101,113
0.279,0.352189781,0.467213114,0.819402895,0.084532374,0.161870503,0.18852459,0.196286472,0.44498778,86.61430976,16.14300927,0.03178484,0.27383863,107.123,0.83425414,18,73,66
0.278,0.346875,0.489361702,0.836236702,0.0984375,0.159375,0.210992908,0.20338983,0.42706131,93.11952627,14.00797733,0.13319239,0.52008457,119.551,0.78957169,28,92,106
0.278,0.370253164,0.447272727,0.817525891,0.123417721,0.221518987,0.169090909,0.197560975,0.35279805,91.7154359,3.482500072,0.09245742,0.49878345,113.477,0.7578125,19,106,76
0.278,0.350073855,0.489184692,0.839258547,0.097345132,0.134218289,0.211314476,0.223320158,0.54352031,87.65124753,15.64166911,0.06382979,0.344294,109.115,0.85201027,31,117,83
0.278,0.34962406,0.438034188,0.787658248,0.093984962,0.167293233,0.160256411,0.245478036,0.35917313,89.45096948,18.41770563,0.08010336,0.40568475,108.86,0.81642512,13,61,81
0.278,0.320474777,0.434991974,0.755466751,0.054896142,0.197329376,0.157303371,0.192771084,0.38554217,88.13861293,10.76090036,0.06827309,0.40160643,117.123,0.7724595,22,85,84
0.278,0.361111111,0.470919324,0.832030435,0.099673202,0.160130718,0.193245779,0.213151927,0.3446712,90.9356978,19.18036,0.07936508,0.42176871,109.783,0.83956244,27,87,87
0.277,0.346153846,0.530726256,0.876880102,0.08361204,0.242474916,0.253258845,0.230964467,0.35189873,93.15018242,14.10658287,0.15949367,0.54177215,116.442,0.79126214,33,92,104
0.277,0.34017094,0.509433962,0.849604902,0.082051282,0.259829059,0.232075472,0.217847769,0.41732283,89.60514755,7.769785752,0.11286089,0.41207349,114.784,0.77034358,29,70,98
0.277,0.374090247,0.435374149,0.809464396,0.133915574,0.147016011,0.158163265,0.231707317,0.38414634,88.42274041,12.56980933,0.07520325,0.38414634,111.101,0.86314022,20,84,80
0.277,0.316666666,0.394578313,0.711244979,0.055555555,0.143055555,0.11746988,0.242957746,0.35602094,86.88206289,14.06208651,0.03490401,0.28621291,107.818,0.83846154,10,97,74
0.277,0.329022988,0.446875,0.775897988,0.070402298,0.261494252,0.1703125,0.212121212,0.3982684,90.17573041,15.74891752,0.10822511,0.46103896,109.62,0.71838235,25,99,96
0.276,0.318903318,0.494539781,0.813443099,0.057636887,0.174351585,0.218408736,0.184410646,0.37807183,90.71849702,15.66242001,0.11531191,0.4536862,113.848,0.7907489,30,97,96
0.276,0.348404255,0.47761194,0.826016195,0.095617529,0.146082337,0.201492538,0.196460176,0.49380531,88.37411348,19.0643856,0.06537102,0.36749117,108.605,0.83371298,29,122,100
0.276,0.318518518,0.466,0.784518518,0.059149722,0.188539741,0.19,0.208436724,0.39259259,89.72503524,10.46248923,0.0962963,0.42716049,110.72,0.77609108,21,62,84
0.276,0.345047923,0.455197132,0.800245055,0.081469648,0.175718849,0.179211469,0.229074889,0.40969163,89.45320244,16.45367459,0.05726872,0.38986784,108.227,0.84346378,23,86,96
0.276,0.358461538,0.485061511,0.843523049,0.109230769,0.167692307,0.20913884,0.189655172,0.44086022,91.0540561,10.69686679,0.07956989,0.42795699,117.061,0.81205674,25,94,82
0.276,0.324022346,0.442190669,0.766213015,0.066914498,0.180297397,0.166328601,0.21,0.4044665,89.5752565,15.41887066,0.08933002,0.42679901,107.581,0.79643527,17,63,73
0.276,0.34163701,0.478174603,0.819811613,0.072953736,0.211743772,0.202380953,0.197435897,0.39230769,90.28013536,13.09099228,0.11282051,0.46666667,110.419,0.76651163,22,75,84
0.275,0.333333333,0.48470948,0.818042813,0.06582633,0.245098039,0.209480123,0.185031185,0.41995842,92.66748861,8.505377197,0.11850312,0.51975052,116.662,0.73150888,32,102,103
0.275,0.325088339,0.444230769,0.769319108,0.067137809,0.249116607,0.169230769,0.169270833,0.40625,89.41771377,10.44783847,0.08854167,0.40104167,111.012,0.73529412,16,76,67
0.275,0.321156773,0.400981996,0.722138769,0.05783866,0.197869101,0.126022913,0.202479338,0.41942149,89.35723625,9.379371328,0.05371901,0.41735537,110.781,0.78612717,13,71,89
0.275,0.410183875,0.519366197,0.929550072,0.186440677,0.182203389,0.24471831,0.165532879,0.38876404,93.22318004,6.6579551,0.13033708,0.55280899,115.267,0.82301741,35,97,109
0.274,0.338526912,0.479623824,0.818150736,0.082152974,0.164305949,0.205329154,0.173003802,0.39543726,92.80795645,4.253357635,0.1121673,0.50380228,118.382,0.78001549,32,90,97
0.274,0.327332242,0.437275985,0.764608227,0.06873977,0.153846153,0.163082437,0.238297872,0.30212766,89.38555519,11.11045753,0.05744681,0.41702128,109.288,0.84416741,20,74,97
0.274,0.367164179,0.43275862,0.799922799,0.105497771,0.172362555,0.158620689,0.177105831,0.3212766,89.39175197,6.124197672,0.07021277,0.39787234,111.935,0.8261944,16,102,64
0.274,0.355960264,0.459357277,0.815317541,0.092715231,0.281456953,0.185255198,0.17906336,0.41208791,89.87748629,7.631029389,0.08241758,0.42032967,112.566,0.69202566,20,94,69
0.274,0.338235294,0.435571687,0.773806981,0.057096247,0.153344208,0.161524501,0.214285714,0.38311688,87.59140282,10.06744799,0.05399568,0.36285097,110.405,0.82226057,20,65,83
0.274,0.34117647,0.448405253,0.789581723,0.087248322,0.24328859,0.174484053,0.221374045,0.33842239,89.10029695,14.11461406,0.12436548,0.41370558,111.587,0.71774194,16,76,62
0.274,0.362701908,0.466216216,0.828918124,0.108504398,0.214076246,0.192567568,0.198218262,0.34146341,91.84103563,12.15539524,0.09534368,0.4767184,111.971,0.80813953,24,89,68
0.274,0.346283783,0.558490566,0.904774349,0.096283783,0.226351351,0.284905661,0.195979899,0.4321608,91.78968395,15.61846369,0.16582915,0.48994975,115.334,0.7486911,40,84,100
0.273,0.34672619,0.453020134,0.799746324,0.09970238,0.145833333,0.179530202,0.211155378,0.36580517,89.7301023,15.0595937,0.07936508,0.40277778,112.391,0.80759903,25,90,68
0.273,0.349206349,0.528455284,0.877661633,0.082251082,0.242424242,0.255284553,0.235033259,0.41463415,92.47894097,12.94782753,0.15742794,0.50776053,115.881,0.74449339,38,90,93
0.273,0.327067669,0.371663244,0.698730913,0.075046904,0.131332082,0.098562628,0.161904761,0.30094787,85.72280577,-4.410760177,0.02132701,0.31516588,109.888,0.86991063,6,69,50
0.273,0.355855855,0.518771331,0.874627186,0.108108108,0.241741741,0.245733789,0.197647058,0.37149533,92.92500919,12.08633617,0.1682243,0.49766355,119.074,0.74322169,34,90,95
0.273,0.338192419,0.37641357,0.714605989,0.084425036,0.165938864,0.103392569,0.236111111,0.30392157,86.26862083,9.797017983,0.02352941,0.30392157,110.456,0.86634067,9,89,54
0.273,0.315789473,0.543548387,0.85933786,0.042105263,0.255639097,0.270967742,0.226872246,0.469163,93.01401604,15.8596342,0.16299559,0.55947137,114.415,0.68607955,48,88,121
0.273,0.354058721,0.515686274,0.869744995,0.10880829,0.271157167,0.243137255,0.185393258,0.37921348,95.10109641,10.27815593,0.15730337,0.55617978,122.214,0.70335821,35,64,97
0.272,0.317567567,0.382084095,0.699651662,0.06081081,0.170608108,0.109689214,0.22172949,0.34292035,85.05180328,14.3905124,0.02433628,0.24115044,106.141,0.82142857,11,66,67
0.272,0.311475409,0.476038338,0.787513747,0.053651266,0.275707898,0.204472843,0.219239373,0.4787472,88.93517026,14.36075116,0.10290828,0.4295302,111.207,0.66593407,29,79,106
0.272,0.322957198,0.35775862,0.680715818,0.073786407,0.22330097,0.086206896,0.245810055,0.33055556,91.8312445,6.134584224,0.03888889,0.50555556,110.019,0.82042254,4,59,50
0.271,0.356390977,0.463917525,0.820308502,0.102255639,0.209022556,0.192439862,0.194630872,0.43624161,88.71607823,15.34923657,0.06711409,0.37136465,110.554,0.78316327,23,74,86
0.271,0.351824817,0.517587939,0.869412756,0.097810218,0.186861313,0.246231156,0.198744769,0.44769874,89.79487284,18.2202271,0.12343096,0.44560669,116.542,0.7856,40,95,131
0.271,0.348508634,0.34751773,0.696026364,0.105015673,0.189655172,0.076241135,0.257336343,0.28794643,87.0881331,11.92079555,0.01339286,0.25892857,109.772,0.88566073,4,86,48
0.271,0.308571428,0.453441295,0.762012723,0.053333333,0.198095238,0.182186235,0.19132653,0.31043257,92.21289565,13.17541347,0.07379135,0.48346056,113.114,0.80979499,15,65,61
0.271,0.309197651,0.391304347,0.700501998,0.04109589,0.146771037,0.120082815,0.234718826,0.38141809,85.35479118,11.33080316,0.03422983,0.28361858,110.162,0.83153771,9,65,48
0.271,0.351437699,0.443447037,0.794884736,0.103833865,0.215654952,0.172351885,0.263657957,0.42180095,88.72271192,12.63056826,0.09004739,0.39099526,111.009,0.78081059,16,75,67
0.271,0.312130177,0.357480314,0.669610491,0.041358936,0.132939438,0.086614173,0.201096892,0.34854015,85.45649468,5.361568241,0.01824818,0.28649635,107.929,0.86894075,8,74,53
0.271,0.371471025,0.539823008,0.911294033,0.1307578,0.167904903,0.269026548,0.164502164,0.40388769,91.59852712,16.16900978,0.12742981,0.4838013,115.263,0.78554958,39,101,111
0.271,0.315094339,0.416161616,0.731255955,0.041509433,0.226415094,0.145454546,0.21081081,0.47745358,85.9446703,10.83640593,0.04774536,0.33687003,110.463,0.79633401,14,63,49
0.271,0.350609756,0.5,0.850609756,0.094512195,0.19207317,0.229310345,0.179824561,0.41137856,93.11866415,12.44827653,0.12691466,0.54704595,115.043,0.75979305,33,90,100
0.271,0.32072072,0.429411764,0.750132484,0.055855855,0.172972972,0.158823529,0.181384248,0.35322196,90.75902609,7.458743197,0.07875895,0.48448687,112.073,0.80835882,17,60,76
0.271,0.341653666,0.439790575,0.781444241,0.090483619,0.232449297,0.169284467,0.201405152,0.42523364,89.67401743,10.89121024,0.06542056,0.40186916,113.901,0.75774424,17,72,72
0.270,0.350515463,0.410505836,0.761021299,0.092783505,0.156357388,0.140077821,0.220657276,0.38732394,87.60819212,10.20232495,0.07042254,0.38262911,109.82,0.81287129,13,76,78
0.270,0.333333333,0.377777777,0.71111111,0.060185185,0.100308641,0.107692307,0.2007722,0.41254753,86.01042674,14.37124675,0.01330798,0.26996198,109.048,0.87781629,10,75,55
0.270,0.338526912,0.449206349,0.787733261,0.083569405,0.188385269,0.17936508,0.178926441,0.43253968,89.29817449,13.82195534,0.08333333,0.41071429,110.683,0.78962963,26,98,107
0.269,0.339593114,0.533216783,0.872809897,0.086071987,0.162754303,0.263986014,0.186440677,0.45338983,90.51895656,18.59156158,0.09745763,0.4470339,109.01,0.8488806,35,117,82
0.269,0.336879432,0.394891944,0.731771376,0.084955752,0.175221238,0.125736738,0.187347931,0.30750605,90.54931641,3.297584982,0.05811138,0.46973366,112.478,0.78813559,12,53,65
0.269,0.376190476,0.458646616,0.834837092,0.112519809,0.223454833,0.189849624,0.225316455,0.50757576,87.63173457,13.1145001,0.0959596,0.38131313,110.204,0.77184466,21,98,69
0.269,0.322981366,0.50340136,0.826382726,0.069875776,0.183229813,0.234693878,0.231263383,0.52731092,89.35806176,19.30024383,0.10084034,0.36764706,109.95,0.81566069,33,97,98
0.269,0.348514851,0.390519187,0.739034038,0.107843137,0.192156862,0.121896163,0.232558139,0.32676056,88.83286261,11.85673074,0.04507042,0.36056338,109.065,0.79879518,9,66,56
0.268,0.36297376,0.446880269,0.809854029,0.126637554,0.234352256,0.178752108,0.216091954,0.33103448,91.25514547,12.81118669,0.11926606,0.50688073,111.729,0.75379696,25,89,80
0.268,0.340306834,0.369905956,0.71021279,0.097493036,0.104456824,0.101880878,0.252669039,0.3,85.97466498,10.67475951,0.01052632,0.1877193,105.154,0.90386266,5,93,54
0.268,0.349042709,0.361809045,0.710851754,0.107511045,0.13843888,0.093802345,0.224409448,0.2480315,90.5637995,4.957293278,0.03740157,0.43110236,110.597,0.87636364,10,84,57
0.268,0.315249266,0.468152866,0.783402132,0.052785923,0.258064516,0.200636943,0.187363834,0.51198257,88.5092933,10.81977103,0.09586057,0.40522876,111.431,0.7930131,28,101,86
0.267,0.315589353,0.40946502,0.725054373,0.064638783,0.2243346,0.141975309,0.17204301,0.42741935,88.06786712,12.72083773,0.06182796,0.3844086,111.724,0.74356618,14,48,72
0.267,0.328440366,0.403614457,0.732054823,0.07706422,0.194495412,0.136546184,0.211734693,0.35877863,87.18927376,8.96526975,0.05089059,0.42748092,110.814,0.83867277,11,68,49
0.267,0.341968911,0.471734892,0.813703803,0.092624356,0.171526586,0.204678362,0.179425837,0.48325359,88.73251087,13.85028032,0.08293839,0.41943128,113.609,0.73822464,25,89,76
0.267,0.31588785,0.490981963,0.806869813,0.063551401,0.284112149,0.224448897,0.216138328,0.42074928,92.56876463,11.61899217,0.14985591,0.52737752,114.127,0.68074656,25,71,77
0.266,0.34015748,0.46031746,0.80047494,0.085536547,0.139968895,0.194003528,0.217118997,0.3436853,88.55522204,12.49416324,0.07172131,0.34631148,110.758,0.87307692,21,94,71
0.266,0.361801242,0.422101449,0.783902691,0.125193199,0.157650695,0.155797102,0.186403508,0.38377193,88.8555951,8.303986934,0.07189542,0.40522876,112.237,0.80599647,17,78,71
0.266,0.355345911,0.538043478,0.893389389,0.113207547,0.136792452,0.271739131,0.191897654,0.56808511,90.01135597,18.30365821,0.1106383,0.42340426,112.573,0.8684669,36,111,103
0.266,0.367158671,0.402597402,0.769756073,0.088560885,0.178966789,0.136363636,0.200542005,0.41734417,87.68257195,10.9020271,0.04878049,0.36314363,107.965,0.80084299,13,71,61
0.266,0.312159709,0.420743639,0.732903348,0.063176895,0.211191335,0.154598825,0.221105527,0.30174564,90.06195038,10.16812456,0.0723192,0.42394015,112.164,0.77541142,14,67,67
0.266,0.315359477,0.458928571,0.774288048,0.066993464,0.165032679,0.192857143,0.207708779,0.50107066,88.77758632,16.9482631,0.07280514,0.38115632,110.263,0.81244364,26,71,93
0.266,0.319826338,0.458528951,0.778355289,0.06512301,0.2170767,0.192488263,0.210204081,0.39591837,89.85940689,13.0083227,0.08367347,0.42244898,110.805,0.71921182,26,102,76
0.266,0.379527559,0.438202247,0.817729806,0.147335423,0.195924764,0.172284645,0.232273838,0.42995169,88.25456687,15.08286336,0.04830918,0.36231884,110.079,0.83679525,19,94,65
0.266,0.314563106,0.466527196,0.781090302,0.058252427,0.293203883,0.20083682,0.243161094,0.36778116,91.76047423,15.01635593,0.11854103,0.47112462,109.968,0.73560976,23,75,70
0.266,0.343042071,0.437269372,0.780311443,0.092084006,0.24555735,0.171586716,0.246192893,0.40954774,88.20795799,15.06300074,0.07017544,0.30576441,108.981,0.74273128,18,79,65
0.266,0.325301204,0.407969639,0.733270843,0.079173838,0.173838209,0.142314991,0.21113689,0.30858469,89.96760003,4.603160252,0.07192575,0.45939675,112.18,0.79482263,13,72,63
0.266,0.375234521,0.5625,0.937734521,0.14446529,0.238273921,0.296875,0.264615384,0.43384615,92.94685096,18.16059345,0.17230769,0.53230769,114.064,0.73469388,36,73,99
0.266,0.350844277,0.413276231,0.764120508,0.099437148,0.236397748,0.147751606,0.183139534,0.44476744,91.15818594,10.8349366,0.12790698,0.49709302,116.634,0.77294686,15,71,50
0.265,0.334254143,0.538343558,0.872597701,0.09116022,0.201657458,0.273006135,0.208251473,0.51277014,89.73472308,20.34620978,0.09823183,0.41257367,109.485,0.80637813,45,115,102
0.265,0.324324324,0.40034662,0.724670944,0.073015873,0.176190476,0.135181976,0.195698924,0.38461538,88.64586427,8.694747925,0.06196581,0.37606838,112.818,0.81066176,13,95,57
0.265,0.334482758,0.497076023,0.831558781,0.087328767,0.215753424,0.231968811,0.184343434,0.41414141,92.85573755,11.83797755,0.135,0.52,117.47,0.71939231,32,79,86
0.265,0.35324232,0.481481481,0.834723801,0.105802047,0.230375426,0.216374269,0.234210526,0.41315789,88.15632453,15.05116545,0.10263158,0.39736842,110.388,0.74149034,25,86,73
0.265,0.318681318,0.494023904,0.812705222,0.051188299,0.336380255,0.229083665,0.184952978,0.4423676,90.10403154,10.64302533,0.13354037,0.45031056,116.738,0.6222597,31,80,87
0.265,0.321561338,0.391919191,0.713480529,0.06864564,0.13729128,0.127272727,0.209026128,0.3498818,86.20217634,11.54411272,0.02836879,0.3286052,109.433,0.81907895,9,66,48
0.264,0.341284403,0.411157024,0.752441427,0.105454545,0.249090909,0.146694215,0.229226361,0.37321937,88.16813151,8.424967448,0.04788732,0.30704225,104.554,0.78762887,11,69,44
0.264,0.320825515,0.420081967,0.740907482,0.073170731,0.191369606,0.155737705,0.167095115,0.43187661,88.21889168,5.441651646,0.06940874,0.40874036,109.386,0.77314344,17,66,65
0.264,0.314136125,0.418867924,0.733004049,0.055459272,0.188908145,0.154716981,0.227488151,0.40654206,86.18964844,12.3580389,0.04439252,0.30607477,109.538,0.81343284,16,60,78
0.264,0.34457478,0.443521594,0.788096374,0.098240469,0.146627565,0.179401993,0.183794466,0.4229249,92.14321887,10.46255095,0.11067194,0.49209486,116.696,0.78687196,26,78,94
0.264,0.367272727,0.487124463,0.85439719,0.123636363,0.156363636,0.223175966,0.215584415,0.48311688,90.34539795,18.93717575,0.07792208,0.41298701,107.871,0.8490566,23,93,58
0.264,0.356697819,0.414721723,0.771419542,0.124610591,0.252336448,0.150807899,0.180904522,0.2638191,90.82553392,4.978928456,0.09547739,0.45477387,113.893,0.79118136,18,75,72
0.264,0.294117647,0.429447852,0.723565499,0.033268101,0.154598825,0.165644172,0.178484107,0.40875912,86.87272693,9.944223119,0.05352798,0.33333333,109.29,0.79743083,17,45,52
0.264,0.315254237,0.542124542,0.857378779,0.050420168,0.28907563,0.278388279,0.19680851,0.46808511,89.07158333,16.10354688,0.15223097,0.41732283,113.648,0.68519969,38,90,80
0.264,0.323920265,0.421245421,0.745165686,0.07475083,0.154485049,0.157509158,0.209606986,0.38209607,89.23280736,8.800888095,0.05021834,0.37554585,112.444,0.86307054,13,81,54
0.263,0.375,0.411538461,0.786538461,0.136363636,0.254870129,0.148076923,0.265753424,0.38356164,90.09962565,11.32364773,0.08219178,0.40547945,113.787,0.74141049,14,74,61
0.263,0.323809523,0.381282495,0.705092018,0.067823343,0.203470031,0.117850953,0.191441441,0.44888889,87.99010181,5.513625031,0.0397351,0.35099338,111.581,0.73788003,10,81,52
0.263,0.366533864,0.489510489,0.856044353,0.139442231,0.250996015,0.226107226,0.209836065,0.38688525,91.08440061,15.68087058,0.13114754,0.46229508,113.152,0.74749722,24,66,65
0.263,0.304659498,0.389312977,0.693972475,0.051971326,0.23297491,0.125954199,0.199494949,0.37373737,87.458796,14.60305089,0.06565657,0.3459596,110.094,0.7017842,13,56,62
0.263,0.3296875,0.459930313,0.789617813,0.0828125,0.215625,0.196864111,0.239819004,0.39366516,90.9093502,10.91508003,0.11085973,0.47058824,112.62,0.73662207,24,85,84
0.263,0.316287878,0.416149068,0.732436946,0.041587901,0.183364839,0.15320911,0.235294117,0.39285714,87.26647418,15.86269431,0.04336735,0.32142857,107.557,0.81416838,16,60,63
0.263,0.327131782,0.445392491,0.772524273,0.071317829,0.241860465,0.182593857,0.164351851,0.39583333,89.94195258,8.93005655,0.0787037,0.40740741,114.062,0.73471146,20,72,89
0.263,0.304587155,0.378431372,0.683018527,0.053211009,0.181651376,0.115686274,0.207729468,0.32850242,88.340948,7.599348428,0.03381643,0.39371981,110.499,0.78524125,6,70,58
0.263,0.34264432,0.43907563,0.78171995,0.089385474,0.240223463,0.176470588,0.203438395,0.35530086,89.5902299,11.54301422,0.08595989,0.4469914,111.208,0.75433526,17,64,73
0.263,0.320422535,0.492277992,0.812700527,0.066901408,0.221830985,0.22972973,0.196969696,0.47222222,89.07791627,13.79496039,0.10353535,0.41666667,112.355,0.81243926,28,87,87
0.262,0.330097087,0.490238611,0.820335698,0.073786407,0.234951456,0.227765726,0.205797101,0.44347826,90.43669611,9.308266814,0.12173913,0.46086957,116.677,0.68110236,29,68,86
0.262,0.307692307,0.386895475,0.694587782,0.054992764,0.13748191,0.124804992,0.217948717,0.44202899,87.5769137,9.496968177,0.04347826,0.35326087,112.927,0.86477733,11,91,56
0.262,0.355029585,0.4,0.755029585,0.096646942,0.15581854,0.137931035,0.157458563,0.43922652,87.93695085,13.12756752,0.04696133,0.36740331,109.385,0.82909931,11,51,62
0.262,0.363259668,0.440514469,0.803774137,0.127071823,0.120165745,0.178456592,0.186219739,0.4264432,88.60829114,17.60592703,0.05400372,0.38175047,107.507,0.87407407,25,103,98
0.262,0.343799058,0.518716577,0.862515635,0.094191522,0.199372056,0.256684492,0.182648401,0.41324201,91.01923627,14.70424905,0.14840183,0.47260274,118.395,0.76699029,37,81,94
0.262,0.345276872,0.461254612,0.806531484,0.091205211,0.229641693,0.199261993,0.220843672,0.40198511,90.24271092,11.95273365,0.07940447,0.4292804,113.194,0.74224138,27,74,62
0.262,0.297420333,0.32428115,0.621701483,0.046616541,0.090225563,0.06230032,0.234458259,0.31064572,82.26479895,8.370397205,0,0.15532286,107.884,0.91431353,2,74,47
0.262,0.305927342,0.496907216,0.802834558,0.047801147,0.26003824,0.235051546,0.192090395,0.41525424,89.88587536,11.79316379,0.11016949,0.46327684,112.451,0.7199211,26,61,83
0.262,0.360497237,0.4141252,0.774622437,0.128453038,0.227900552,0.152487961,0.223427331,0.29067245,89.84197905,7.235607354,0.06507592,0.4143167,111.202,0.81995499,17,89,82
0.262,0.336936936,0.480885311,0.817822247,0.102702702,0.281081081,0.219315895,0.228070175,0.44444444,89.51818062,16.79319183,0.11403509,0.44736842,112.461,0.69557196,25,77,73
0.262,0.325806451,0.355871886,0.681678337,0.083735909,0.14331723,0.09430605,0.262156448,0.32494759,86.58105469,14.53422624,0.0293501,0.26834382,109.131,0.82752613,5,72,45
0.261,0.350531107,0.480565371,0.831096478,0.092564491,0.216995447,0.219081273,0.187066974,0.40415704,91.98495505,10.41104671,0.10161663,0.48960739,115.641,0.7484127,30,86,117
0.261,0.309121621,0.462794918,0.771916539,0.055743243,0.173986486,0.201451906,0.213333333,0.4,89.74946931,10.62945313,0.08444444,0.46,108.933,0.83517495,24,65,82
0.261,0.357407407,0.376873661,0.734281068,0.123844731,0.131238447,0.115631691,0.184343434,0.25814536,89.16077927,3.035222693,0.05263158,0.40601504,110.887,0.87382075,12,74,46
0.261,0.346830985,0.475903614,0.822734599,0.114436619,0.177816901,0.214859438,0.2,0.39,92.49263784,4.93233664,0.0875,0.515,115.84,0.77428852,27,75,88
0.261,0.328922495,0.388308977,0.717231472,0.083018867,0.211320754,0.127348643,0.207084468,0.33875339,89.0710085,9.063824564,0.04607046,0.4200542,113.031,0.83634431,10,63,44
0.261,0.314393939,0.327122153,0.641516092,0.06591337,0.13559322,0.066252588,0.208737864,0.35322196,86.16346373,4.288653031,0.01193317,0.29832936,109.755,0.89838337,4,66,48
0.261,0.359205776,0.4375,0.796705776,0.113718411,0.160649819,0.176724138,0.18863049,0.37726098,89.27041167,15.55548191,0.06718346,0.41343669,110.832,0.82824427,19,80,76
0.261,0.328712871,0.458797327,0.787510198,0.090196078,0.182352941,0.198218263,0.203856749,0.44903581,89.55972366,19.02035985,0.08423913,0.4048913,110.597,0.75326087,22,49,93
0.261,0.366533864,0.417840375,0.784374239,0.143141153,0.196819085,0.157276995,0.18902439,0.34743202,89.14540063,7.204551139,0.08761329,0.3776435,112.176,0.83628922,14,74,46
0.260,0.322222222,0.399590163,0.721812385,0.060998151,0.164510166,0.139344262,0.199494949,0.44938272,86.17007059,8.148002991,0.04444444,0.30617284,109.265,0.81329114,14,71,62
0.260,0.351046698,0.397769516,0.748816214,0.119808306,0.198083067,0.137546468,0.206235011,0.4504717,86.20812049,13.62106088,0.04245283,0.26179245,108.503,0.84300666,17,84,60
0.260,0.307829181,0.40917782,0.717007001,0.055160142,0.103202846,0.14913958,0.222698072,0.45824411,87.39980974,15.21317054,0.05781585,0.31691649,110.058,0.87033195,18,55,67
0.260,0.342560553,0.464566929,0.807127482,0.096885813,0.166089965,0.20472441,0.211538461,0.37740385,89.93866436,18.43441068,0.10336538,0.43028846,109.023,0.83168317,24,68,87
0.259,0.330739299,0.366013071,0.69675237,0.096899224,0.201550387,0.106753812,0.222841225,0.3767313,87.14220714,14.21384673,0.07756233,0.35734072,111.576,0.76082474,9,50,51
0.259,0.310495626,0.488076311,0.798571937,0.068513119,0.186588921,0.228934817,0.201183431,0.43503937,89.6192992,21.12138769,0.09251969,0.36811024,111.426,0.76470588,30,103,106
0.259,0.365853658,0.454379562,0.82023322,0.132621951,0.117378048,0.195255475,0.189189189,0.48232848,88.91220703,19.48651937,0.07276507,0.37629938,109.178,0.86206897,23,93,93
0.259,0.314685314,0.500959692,0.815645006,0.076923076,0.227272727,0.24184261,0.176322418,0.46095718,90.137589,15.61386224,0.14357683,0.44332494,116.414,0.77010407,31,89,96
0.259,0.299256505,0.424901185,0.72415769,0.044609665,0.236059479,0.166007905,0.128608923,0.37270341,89.97316262,8.702890547,0.06824147,0.43569554,111.603,0.771,19,60,73
0.259,0.32527881,0.402464065,0.727742875,0.085501858,0.171003717,0.143737166,0.188916876,0.36020151,89.33799446,5.315819694,0.05037783,0.41561713,113.842,0.80564263,8,57,63
0.258,0.31838565,0.402960526,0.721346176,0.069940476,0.1875,0.144736842,0.176842105,0.43852459,88.84669624,17.4448046,0.04897959,0.36734694,109.411,0.81044177,16,89,64
0.258,0.313821138,0.429328621,0.743149759,0.058536585,0.209756097,0.171378091,0.195899772,0.39407745,90.63912123,11.15447817,0.08428246,0.46469248,111.734,0.78090909,21,67,80
0.258,0.319467554,0.462246777,0.781714331,0.083194675,0.181364392,0.20441989,0.152272727,0.38409091,90.9793209,14.99470676,0.10454545,0.45909091,114.549,0.776,30,75,91
0.258,0.327459618,0.404567699,0.732027317,0.08784773,0.183016105,0.146818923,0.203665987,0.39511202,88.30501435,12.03386579,0.07707911,0.39350913,115.93,0.79983923,21,87,72
0.258,0.333333333,0.496563573,0.829896906,0.093797276,0.192133131,0.238831615,0.168466522,0.42764579,87.97258032,15.83217573,0.11206897,0.40086207,114.328,0.75462963,33,86,103
0.258,0.305309734,0.4352,0.740509734,0.056047197,0.311209439,0.1776,0.194774346,0.3824228,91.3301294,12.26708402,0.13776722,0.49406176,112.596,0.66875872,26,70,93
0.257,0.321766561,0.448695652,0.770462213,0.083464566,0.222047244,0.191304348,0.192219679,0.43607306,91.85661554,10.96668291,0.10958904,0.48858447,113.38,0.7155309,25,91,78
0.257,0.315372424,0.467826086,0.78319851,0.068037974,0.25949367,0.210434782,0.204326923,0.34855769,88.57326097,14.06321193,0.10791367,0.42206235,115.483,0.77348993,29,79,102
0.257,0.330033003,0.477941176,0.807974179,0.096880131,0.155993431,0.220588235,0.189309576,0.39911308,89.99462891,19.03313773,0.10132159,0.4185022,111.325,0.81313131,30,71,107
0.257,0.304,0.41105354,0.71505354,0.063897763,0.22683706,0.153713299,0.233031674,0.38235294,89.89402406,11.76337713,0.08803612,0.42437923,110.981,0.73176661,19,60,78
0.257,0.324695121,0.472081218,0.796776339,0.083841463,0.231707317,0.214890017,0.153498871,0.46049661,90.57986209,20.22160915,0.10158014,0.46049661,113.041,0.78671587,28,81,95
0.257,0.372456964,0.59217877,0.964635734,0.150234741,0.295774647,0.33519553,0.214492753,0.48,93.58964503,16.75851228,0.22285714,0.53428571,119.046,0.67171717,46,103,100
0.257,0.309982486,0.450570342,0.760552828,0.068181818,0.225524475,0.19391635,0.185463659,0.36658354,90.36163651,17.52492682,0.10723192,0.44887781,111.267,0.74818182,24,73,76
0.256,0.372815533,0.417249417,0.79006495,0.146435452,0.183044315,0.160839161,0.206586826,0.43274854,88.33973786,17.47603316,0.09064327,0.39766082,111.542,0.80365854,17,64,45
0.256,0.315589353,0.38559322,0.701182573,0.076045627,0.2243346,0.129237288,0.195592286,0.33884298,91.39214713,10.02368369,0.08264463,0.49035813,112.592,0.7641791,15,48,75
0.256,0.30798479,0.461065573,0.769050363,0.052930056,0.202268431,0.204918033,0.183246073,0.42597403,88.84172529,12.53253973,0.09090909,0.38961039,110.285,0.76464088,22,73,71
0.256,0.353049907,0.387096774,0.740146681,0.127541589,0.157116451,0.131182796,0.161458333,0.34895833,89.85425822,6.596106211,0.0703125,0.40625,113.497,0.82122261,13,62,64
0.255,0.326298701,0.431654676,0.757953377,0.082792207,0.232142857,0.176258993,0.20289855,0.36714976,88.92154396,9.650505306,0.10386473,0.41545894,113.87,0.7362069,21,77,71
0.255,0.324758842,0.489285714,0.814044556,0.090032154,0.255627009,0.233928572,0.190594059,0.39851485,91.99732475,11.41562912,0.11386139,0.51732673,113.774,0.75644444,28,100,82
0.255,0.315384615,0.491561181,0.806945796,0.074712643,0.231800766,0.23628692,0.174647887,0.44134078,90.54090009,17.65036724,0.10893855,0.43296089,112.462,0.75180972,29,62,72
0.255,0.304854368,0.449790794,0.754645162,0.065891472,0.236434108,0.194560669,0.221288515,0.44289694,88.62466627,14.49897967,0.09470752,0.35097493,110.351,0.72385321,21,64,74
0.255,0.314974182,0.385931558,0.70090574,0.056603773,0.16981132,0.131178707,0.235565819,0.43678161,85.50536882,12.74388399,0.04367816,0.33563218,106.562,0.8189415,14,58,78
0.255,0.30887372,0.486891385,0.795765105,0.06996587,0.274744027,0.232209738,0.221052631,0.39736842,89.05485197,16.34512361,0.11842105,0.39736842,114.598,0.70592885,33,77,89
0.255,0.292387543,0.421933085,0.714320628,0.03275862,0.23275862,0.167286245,0.228710462,0.43552311,90.08671875,15.58819074,0.08716707,0.43583535,113.102,0.71728595,23,59,80
0.255,0.312404287,0.494097807,0.806502094,0.076569678,0.147013782,0.239460371,0.188492063,0.49801587,88.99650453,20.03286598,0.06746032,0.37103175,110.605,0.83289589,34,81,105
0.254,0.344234079,0.437869822,0.782103901,0.108247422,0.28694158,0.183431953,0.221238938,0.45639535,88.1638839,17.42821401,0.10174419,0.38081395,110.68,0.69400922,20,92,73
0.254,0.325938566,0.366223908,0.692162474,0.080204778,0.155290102,0.111954459,0.200913242,0.38356164,86.32899008,12.84622039,0.06621005,0.30821918,108.284,0.81717452,12,57,46
0.254,0.336244541,0.470099667,0.806344208,0.096069868,0.199417758,0.215946844,0.201271186,0.46822034,91.24894895,19.19830012,0.10381356,0.43855932,112.439,0.79347001,31,108,98
0.254,0.363914373,0.424682395,0.788596768,0.122324159,0.23853211,0.170598911,0.180904522,0.41,91.73948166,11.28115407,0.1225,0.48,114.258,0.72419775,23,95,83
0.254,0.294303797,0.428087986,0.722391783,0.047468354,0.213607594,0.17428088,0.173535791,0.35791757,89.70352499,16.77072802,0.0867679,0.38611714,113.711,0.77566225,20,82,80
0.254,0.330536912,0.448863636,0.779400548,0.098993288,0.246644295,0.195075758,0.239583333,0.30569948,90.46190895,14.2606297,0.07253886,0.43264249,111.474,0.73133047,23,80,86
0.253,0.288808664,0.426103646,0.71491231,0.039426523,0.241935483,0.172744721,0.207253886,0.46428571,88.05765788,8.735347112,0.09620253,0.36202532,110.528,0.71350365,22,72,63
0.253,0.31837916,0.48548387,0.80386303,0.078147612,0.244573082,0.232258064,0.161220043,0.47276688,89.26359103,14.84332555,0.12636166,0.44662309,109.952,0.71848415,39,110,100
0.253,0.313856427,0.471766848,0.785623275,0.080133555,0.207011686,0.218579235,0.214117647,0.47887324,86.969183,20.7883606,0.08920188,0.34037559,110.786,0.77861953,28,77,90
0.253,0.287112561,0.407917383,0.695029944,0.040650406,0.269918699,0.154905335,0.23501199,0.33571429,88.03472327,12.62257624,0.08095238,0.35714286,109.778,0.71228845,15,79,73
0.252,0.35522388,0.382608695,0.737832575,0.13114754,0.2414307,0.130434782,0.18401937,0.34375,91.52434549,3.587977818,0.08173077,0.48076923,117.219,0.77299578,14,99,57
0.252,0.310408921,0.45194274,0.762351661,0.064814814,0.255555555,0.200408998,0.199438202,0.43258427,89.76824011,16.58368074,0.11173184,0.4273743,110.59,0.75829384,20,70,63
0.251,0.335652173,0.471287128,0.806939301,0.092013888,0.220486111,0.21980198,0.193717277,0.45549738,88.28385331,14.11301751,0.07832898,0.36292428,111.325,0.78422484,22,77,70
0.251,0.324697754,0.382978723,0.707676477,0.087628865,0.171821305,0.131528047,0.211904761,0.46462264,86.67101319,16.06433865,0.04245283,0.32311321,109.366,0.83366142,11,58,59
0.251,0.31372549,0.398563734,0.712289224,0.051948051,0.181818181,0.147217235,0.173913043,0.43141593,84.83556932,13.11186467,0.05530973,0.2699115,108.79,0.77075099,15,76,62
0.251,0.329411764,0.471482889,0.800894653,0.08907563,0.233613445,0.220532319,0.18877551,0.37244898,90.58433315,17.45093272,0.0994898,0.42602041,110.952,0.74569319,24,88,75
0.250,0.305841924,0.413084112,0.718926036,0.058419243,0.195876288,0.162616823,0.191943127,0.43396226,87.69491257,11.32019508,0.05188679,0.37735849,109.037,0.78065134,16,66,60
0.250,0.305418719,0.423423423,0.728842142,0.070607553,0.252873563,0.172972973,0.220588235,0.33823529,91.30461982,15.90567349,0.1495098,0.45833333,112.005,0.72416413,22,62,85
0.250,0.336842105,0.366269165,0.70311127,0.064661654,0.175939849,0.115843271,0.233545647,0.42887473,87.48326726,13.65544418,0.06794055,0.38428875,112.716,0.79922481,12,79,58
0.250,0.34137931,0.511904761,0.853284071,0.113793103,0.243103448,0.261904761,0.179836512,0.46321526,91.30922173,17.75144622,0.14986376,0.47956403,114.82,0.74951076,36,77,75
0.250,0.309259259,0.518292682,0.827551941,0.059259259,0.275925925,0.268292682,0.18443804,0.48991354,91.87458228,12.26023485,0.16714697,0.49279539,118.236,0.68264014,34,71,80
0.250,0.35201401,0.487804878,0.839818888,0.101576182,0.182136602,0.237804878,0.210796915,0.54498715,86.92575097,22.15893744,0.05912596,0.28277635,107.703,0.82777778,31,71,98
0.250,0.298181818,0.375,0.673181818,0.069090909,0.154545454,0.125,0.197149643,0.36065574,87.14395694,15.10795666,0.04215457,0.30913349,107.639,0.82041217,11,70,58
0.250,0.336752136,0.448818897,0.785571033,0.104273504,0.188034188,0.198818897,0.212345679,0.47160494,90.78410494,17.90536024,0.08395062,0.43209877,111.302,0.77722772,20,84,60
0.250,0.299847792,0.456198347,0.756046139,0.0608828,0.278538812,0.206611571,0.194379391,0.4228972,92.0566959,13.06883387,0.12850467,0.47429907,112.975,0.68630339,27,88,101
0.250,0.332242225,0.426443202,0.758685427,0.091503267,0.202614379,0.176908752,0.203349282,0.41626794,88.70725553,11.46868108,0.10501193,0.41050119,113.972,0.77777778,18,67,66
0.249,0.368243243,0.527162977,0.89540622,0.140202702,0.202702702,0.277665996,0.206349206,0.43915344,91.15670711,15.21170628,0.16137566,0.46296296,112.331,0.78032787,36,95,94
0.249,0.344522968,0.444897959,0.789420927,0.110526315,0.203508771,0.195918368,0.206896551,0.46560847,87.92742871,14.18138677,0.09186352,0.39632546,111.491,0.80095238,23,77,75
0.249,0.322067594,0.416299559,0.738367153,0.091089108,0.261386138,0.167400881,0.206896551,0.41049383,87.95208088,7.022850948,0.07098765,0.34876543,114.869,0.72466735,18,63,42
0.249,0.303292894,0.403738317,0.707031211,0.067590987,0.159445407,0.155140187,0.173120728,0.40632054,87.92924503,11.94525105,0.04514673,0.34537246,109.915,0.80645161,17,66,58
0.248,0.352733686,0.436853002,0.789586688,0.119929453,0.319223985,0.188405798,0.213815789,0.49019608,87.85485197,15.72505108,0.11111111,0.39542484,111.355,0.66574074,23,86,70
0.248,0.306666666,0.39874739,0.705414056,0.066287878,0.159090909,0.150313153,0.168341708,0.43034826,89.06780698,7.52483391,0.04975124,0.38557214,111.175,0.85558252,13,69,47
0.248,0.311349693,0.448979591,0.760329284,0.079632465,0.255742725,0.200680272,0.199063231,0.44055944,89.25838883,14.11045562,0.11421911,0.42424242,109.55,0.72719935,27,78,88
0.248,0.360347322,0.431034482,0.791381804,0.143270622,0.221418234,0.18275862,0.212962962,0.37644342,89.88091388,12.96893055,0.09006928,0.39030023,112.622,0.77068558,21,86,84
0.248,0.311074918,0.317857142,0.62893206,0.072933549,0.184764991,0.069642857,0.228832951,0.35033259,84.84478746,9.272688163,0.02439024,0.29711752,110.825,0.80797101,1,64,34
0.248,0.303867403,0.429223744,0.733091147,0.073204419,0.165745856,0.181126332,0.19012797,0.46252285,87.31794875,19.88131463,0.06764168,0.34917733,110.055,0.80839695,26,101,83
0.248,0.34375,0.439516129,0.783266129,0.090277777,0.151041666,0.191532259,0.1937046,0.47342995,90.05429166,14.83039574,0.07729469,0.40821256,115.193,0.81545894,22,73,61
0.248,0.325367647,0.4125,0.737867647,0.095238095,0.278388278,0.164583334,0.19760479,0.41317365,91.07761625,7.774780273,0.0952381,0.44345238,111.276,0.6871055,18,61,69
0.248,0.302970297,0.424568965,0.727539262,0.067061143,0.285996055,0.176724138,0.203761755,0.40123457,90.20329031,9.003394243,0.08641975,0.41666667,112.056,0.73298429,18,70,53
0.247,0.351749539,0.474835886,0.826585425,0.136279926,0.209944751,0.227571116,0.17094017,0.47863248,94.08872768,14.56189035,0.17378917,0.52706553,114.741,0.74765381,26,73,72
0.247,0.325203252,0.418647166,0.743850418,0.102106969,0.217179902,0.171846435,0.175480769,0.45673077,90.06261614,9.285961855,0.10047847,0.42583732,113.977,0.77076125,22,52,74
0.247,0.339837398,0.523364485,0.863201883,0.110569105,0.271544715,0.276635514,0.217391304,0.43126685,89.33590566,16.9308883,0.14016173,0.43126685,111.248,0.69249592,39,97,99
0.246,0.328897338,0.48812095,0.817018288,0.093155893,0.326996197,0.241900648,0.193220338,0.34237288,91.64087659,17.64345869,0.1559322,0.49491525,112.597,0.64853978,30,61,69
0.246,0.332339791,0.46179966,0.794139451,0.107142857,0.251488095,0.215619694,0.226415094,0.45518868,90.14117908,18.11287608,0.11058824,0.44235294,112.221,0.76237624,30,81,79
0.246,0.326633165,0.413988657,0.740621822,0.100502512,0.264656616,0.168241966,0.227027027,0.36898396,91.73952703,10.83630503,0.10427807,0.46256684,113.716,0.74913495,20,67,67
0.245,0.286259541,0.296146044,0.582405585,0.04961832,0.232824427,0.050709939,0.219839142,0.33512064,87.80617335,2.034339823,0.02949062,0.39142091,109.576,0.76878613,1,52,25
0.245,0.292220113,0.388548057,0.68076817,0.060721062,0.185958254,0.143149284,0.190355329,0.43797468,88.75136818,11.75687188,0.09367089,0.42025316,110.847,0.77969543,14,61,56
0.245,0.299509001,0.412078152,0.711587153,0.052117263,0.19218241,0.1669627,0.182432432,0.37472284,87.38597973,13.464648,0.06873614,0.35698448,112.501,0.80460751,18,83,64
0.245,0.318359375,0.398249452,0.716608827,0.095703125,0.2109375,0.153172866,0.223796033,0.38810198,90.72164926,16.41390896,0.09348442,0.45892351,109.855,0.77906977,14,55,69
0.245,0.327531645,0.508108108,0.835639753,0.102848101,0.276898734,0.263063063,0.163212435,0.42487047,92.09438755,15.7186741,0.16062176,0.49740933,115.066,0.70281124,39,108,107
0.245,0.316742081,0.455311973,0.772054054,0.087481146,0.155354449,0.210792581,0.21010101,0.42222222,91.11301978,13.59355528,0.10505051,0.45454545,111.33,0.74919094,33,91,83
0.244,0.338374291,0.407488986,0.745863277,0.098298676,0.206049149,0.162995594,0.21590909,0.42897727,89.45416592,15.28279018,0.07670455,0.38352273,111.381,0.79647059,17,78,61
0.244,0.296577946,0.35610766,0.652685606,0.0625,0.272727272,0.111801242,0.217008797,0.35549133,89.39348882,12.073162,0.06647399,0.4017341,111.493,0.70582794,12,58,54
0.244,0.327586206,0.415929203,0.743515409,0.103448275,0.24137931,0.171681416,0.20338983,0.46004843,89.30521974,12.9609375,0.10895884,0.39467312,109.067,0.73080099,22,81,80
0.244,0.314285714,0.344554455,0.658840169,0.085714285,0.217857142,0.100990099,0.218181818,0.27012987,91.04656742,5.239407612,0.03896104,0.46753247,112.976,0.81120332,7,55,41
0.243,0.331297709,0.391304347,0.722602056,0.110942249,0.156534954,0.147826087,0.217299578,0.43933054,87.50798666,12.9262376,0.03974895,0.34309623,109.39,0.8294702,15,82,58
0.243,0.327402135,0.390342052,0.717744187,0.106761565,0.222419928,0.146881288,0.190348525,0.34491979,89.57068951,3.835762085,0.05882353,0.43048128,111.244,0.82559456,15,55,44
0.243,0.293680297,0.319919517,0.613599814,0.057301293,0.149722735,0.076458753,0.243373493,0.37588652,87.82541049,8.09112002,0.0212766,0.34751773,109.759,0.82,3,60,37
0.243,0.339434276,0.335907335,0.675341611,0.112769485,0.132669983,0.092664092,0.234090909,0.34157303,85.12293936,8.938964288,0.02022472,0.29213483,109.261,0.87389163,6,57,42
0.243,0.3172147,0.378494623,0.695709323,0.09090909,0.261121856,0.135483871,0.226586102,0.39879154,89.38937832,8.924583551,0.0755287,0.43202417,111.065,0.74311927,13,59,56
0.243,0.286173633,0.454388984,0.740562617,0.051446945,0.311897106,0.211703959,0.161538461,0.44757033,90.95478766,14.71633864,0.11508951,0.45268542,112.415,0.68141593,31,77,90
0.242,0.326996197,0.413419913,0.74041611,0.102466793,0.225806451,0.170995671,0.215976331,0.38793103,88.82196603,12.25104858,0.05172414,0.36494253,109.385,0.80597015,15,61,62
0.242,0.401206636,0.452290076,0.853496712,0.203313253,0.144578313,0.209923664,0.161592505,0.38084112,90.96668252,9.116333865,0.12354312,0.47319347,113.194,0.82974359,27,93,62
0.242,0.314341846,0.362445414,0.67678726,0.066536203,0.209393346,0.120087336,0.17094017,0.37746479,86.92582042,6.97189095,0.06478873,0.33239437,110.561,0.77470776,11,57,49
0.242,0.287671232,0.359633027,0.647304259,0.051369863,0.125,0.117431193,0.185263157,0.33684211,88.24868412,14.55741753,0.01894737,0.35368421,109.602,0.87269193,8,53,53
0.242,0.326836581,0.47684391,0.803680491,0.103448275,0.196401799,0.234991423,0.174291938,0.4291939,90.01073578,17.00382416,0.11546841,0.44008715,112.614,0.77220756,36,84,94
0.242,0.321153846,0.368191721,0.689345567,0.095969289,0.172744721,0.126361656,0.227272727,0.44652406,86.5238716,14.77534118,0.04,0.31733333,108.772,0.81919192,9,55,46
0.241,0.30109489,0.403614457,0.704709347,0.074817518,0.240875912,0.162650602,0.172506738,0.43396226,86.35477159,12.52003151,0.06469003,0.33962264,110.08,0.81256437,17,62,52
0.241,0.280733944,0.422700587,0.703434531,0.049541284,0.209174311,0.181996087,0.169576059,0.3915212,89.77253227,16.14900696,0.08478803,0.41147132,113.782,0.79178606,22,59,81
0.240,0.318392581,0.454703832,0.773096413,0.085007727,0.188562596,0.214285714,0.188596491,0.43982495,90.09526624,21.38715563,0.11597374,0.43326039,111.986,0.80608974,33,78,89
0.240,0.295202952,0.43030303,0.725505982,0.073800738,0.23800738,0.18989899,0.228494623,0.43010753,88.26113966,20.60559641,0.09408602,0.37365591,111.487,0.75685558,20,58,69
0.240,0.324749642,0.477272727,0.802022369,0.107296137,0.243204577,0.237012987,0.187082405,0.40444444,92.86568778,16.06984929,0.13555556,0.50888889,116.775,0.74213836,34,86,103
0.240,0.31825525,0.429090909,0.747346159,0.105008077,0.168012924,0.189090909,0.182222222,0.49333333,88.77372895,12.8119481,0.06666667,0.36222222,111.656,0.79461883,23,78,86
0.240,0.32078853,0.406504065,0.727292595,0.098566308,0.181003584,0.166666667,0.187341772,0.44444444,90.13903871,13.45559987,0.06060606,0.41919192,114.989,0.81149194,12,68,52
0.240,0.330464716,0.424361493,0.754826209,0.106712564,0.283993115,0.184675835,0.156069364,0.39306358,93.45931368,18.48248839,0.17052023,0.56069364,114.276,0.72975518,17,66,54
0.240,0.322169059,0.43063063,0.752799689,0.10845295,0.315789473,0.190990991,0.231843575,0.34722222,90.75690686,9.653754719,0.11388889,0.44166667,113.225,0.6996139,23,80,70
0.239,0.318568994,0.391136801,0.709705795,0.090289608,0.229982964,0.1522158,0.210796915,0.44987147,89.52958884,12.68470654,0.09511568,0.40102828,111.763,0.74692443,18,56,63
0.239,0.357249626,0.414721723,0.771971349,0.14605067,0.230998509,0.175942549,0.243243243,0.44146341,87.7746756,21.11243426,0.07560976,0.33902439,110.923,0.80648148,23,88,67
0.239,0.331864904,0.39011925,0.721984154,0.102339181,0.191520467,0.151618399,0.169197396,0.3362069,87.5907269,18.06830418,0.05567452,0.33832976,108.555,0.84054054,17,88,88
0.238,0.301003344,0.310536044,0.611539388,0.07641196,0.121262458,0.072088725,0.239915074,0.36610879,85.11796875,13.64944938,0.01464435,0.23849372,105.106,0.87030075,3,61,42
0.238,0.30078125,0.296536796,0.597318046,0.081081081,0.187258687,0.058441558,0.221311475,0.24668435,86.27779157,9.448464747,0.00530504,0.23076923,106.15,0.88404133,1,52,29
0.238,0.298217179,0.458259325,0.756476504,0.079416531,0.26904376,0.220248668,0.199501246,0.40399002,88.93695449,18.93716393,0.12967581,0.43391521,110.591,0.73895254,31,83,98
0.238,0.277966101,0.392792792,0.670758893,0.044067796,0.249152542,0.154954955,0.165450121,0.43552311,87.88727679,9.64096355,0.08029197,0.37956204,112.14,0.66609589,17,64,67
0.237,0.296296296,0.383333333,0.679629629,0.07070707,0.218855218,0.146296296,0.1875,0.33894231,89.01085279,10.75408114,0.08653846,0.41586538,113.267,0.75830565,18,62,90
0.237,0.315517241,0.384466019,0.69998326,0.098275862,0.213793103,0.147572816,0.207594936,0.43797468,89.06081456,13.16031695,0.08607595,0.4,110.565,0.77589454,17,66,69
0.237,0.289370078,0.356989247,0.646359325,0.066929133,0.190944881,0.120430108,0.189839572,0.36631016,87.84955976,17.04409806,0.04545455,0.3342246,109.243,0.78080698,11,57,61
0.236,0.311897106,0.373646209,0.685543315,0.090032154,0.268488745,0.137184116,0.183673469,0.375,92.15275441,7.713853797,0.07908163,0.48214286,112.554,0.7659372,17,89,63
0.236,0.332273449,0.458563535,0.790836984,0.116057233,0.311605723,0.222836095,0.201704545,0.46306818,89.81218283,19.86894309,0.14772727,0.43465909,111.4,0.69406393,31,76,87
0.236,0.282608695,0.322717622,0.605326317,0.051282051,0.120315581,0.087048833,0.208232445,0.34541063,86.06077442,10.07654164,0.01932367,0.26811594,109.13,0.85185185,6,34,36
0.235,0.307414104,0.334004024,0.641418128,0.080645161,0.123655913,0.09859155,0.202409638,0.42889908,84.36325301,15.02790851,0.01605505,0.14908257,103.231,0.88294652,7,61,46
0.235,0.30220713,0.442561205,0.744768335,0.077702702,0.244932432,0.207156309,0.1530343,0.54452926,87.71205208,14.92598698,0.10152284,0.35279188,110.287,0.76597582,27,79,74
0.235,0.281437125,0.379310344,0.660747469,0.055226824,0.234714003,0.144396551,0.24,0.37142857,87.76720498,18.89910889,0.06741573,0.35393258,108.144,0.74853229,16,39,51
0.235,0.315614617,0.397748592,0.713363209,0.102990033,0.282392026,0.163227017,0.204359673,0.45776567,93.22033592,16.91413435,0.11444142,0.49591281,113.168,0.68696398,16,65,56
0.234,0.313492063,0.337053571,0.650545634,0.096646942,0.234714003,0.102678571,0.192771084,0.35240964,90.93959008,7.176202745,0.09253731,0.45671642,113.807,0.703667,10,50,64
0.234,0.314720812,0.457528957,0.772249769,0.099830795,0.20642978,0.223938224,0.183168316,0.4009901,89.25690882,21.67141344,0.08663366,0.37623762,110.292,0.77173913,27,79,106
0.233,0.297445255,0.41566265,0.713107905,0.08029197,0.228102189,0.182730924,0.17287234,0.49202128,88.25785374,15.02748636,0.06117021,0.38829787,113.186,0.75771749,20,60,60
0.233,0.312865497,0.445544554,0.758410051,0.097953216,0.25,0.212871287,0.186363636,0.47727273,91.77054795,17.13719142,0.14090909,0.50454545,112.717,0.77615385,31,88,94
0.232,0.32276657,0.391304347,0.714070917,0.100864553,0.308357348,0.158862876,0.227848101,0.46835443,90.28490902,18.86852749,0.12658228,0.43037975,111.069,0.70378964,22,68,96
0.232,0.305799648,0.45614035,0.761939998,0.094903339,0.27768014,0.22417154,0.199438202,0.51123596,89.53424846,20.33511224,0.12640449,0.40730337,113.672,0.71858864,30,78,75
0.232,0.307692307,0.385964912,0.693657219,0.092621664,0.211930926,0.154385965,0.181395348,0.39954338,87.36697023,10.71019336,0.06849315,0.33105023,110.199,0.80140598,21,84,62
0.231,0.3584,0.387283236,0.745683236,0.1232,0.2048,0.156069364,0.229007633,0.43765903,87.3327469,13.45825506,0.07124682,0.35368957,107.741,0.80205415,17,93,61
0.231,0.302325581,0.351293103,0.653618684,0.084942084,0.218146718,0.120689655,0.218130311,0.35393258,87.19310341,17.75321487,0.0758427,0.33146067,108.278,0.81955645,9,60,35
0.230,0.322393822,0.411504424,0.733898246,0.110687022,0.183206106,0.181415929,0.185915492,0.42739726,90.72479696,14.43993037,0.08219178,0.44109589,112.911,0.77484787,20,73,63
0.230,0.304504504,0.444,0.748504504,0.091891891,0.263063063,0.214,0.200564971,0.42253521,89.19408972,15.75907458,0.12957746,0.4084507,112.879,0.72873346,25,55,73
0.230,0.312068965,0.398832684,0.710901649,0.101724137,0.225862068,0.1692607,0.202072538,0.38601036,90.41341828,10.59384512,0.09585492,0.45854922,114.165,0.77360406,18,60,65
0.229,0.340463458,0.383157894,0.723621352,0.139037433,0.228163992,0.15368421,0.202279202,0.34757835,90.82023996,7.613989955,0.0997151,0.46723647,112.662,0.78366446,15,74,49
0.229,0.311538461,0.377729257,0.689267718,0.088122605,0.185823754,0.148471616,0.222222222,0.36239782,87.2987081,14.98553024,0.04347826,0.33152174,108.406,0.86564103,10,54,48
0.229,0.323671497,0.433085501,0.756756998,0.109500805,0.273752012,0.204460966,0.174262734,0.4772118,92.23863827,18.9753733,0.12868633,0.50670241,112.708,0.74023615,27,83,76
0.229,0.315614617,0.394285714,0.709900331,0.098006644,0.171096345,0.165714286,0.191142191,0.48598131,87.77639678,20.70074164,0.06293706,0.35198135,108.261,0.82640145,19,72,71
0.228,0.281081081,0.49122807,0.772309151,0.063063063,0.313513513,0.263157895,0.172514619,0.47368421,89.76257538,23.61251528,0.16081871,0.43859649,113.756,0.73240741,38,67,113
0.226,0.26459854,0.309477756,0.574076296,0.048736462,0.07400722,0.083172147,0.197033898,0.3443299,85.27979343,9.919816357,0.01649485,0.25979381,109.409,0.88654971,5,50,39
0.226,0.308098591,0.402,0.710098591,0.096830985,0.315140845,0.176,0.256880733,0.48929664,89.79625084,18.37467896,0.14678899,0.44342508,111.282,0.64041096,22,55,69
0.226,0.322701688,0.434408602,0.75711029,0.11588785,0.291588785,0.208602151,0.207119741,0.40384615,89.5163654,9.942793703,0.11217949,0.41025641,112.107,0.70253807,25,63,66
0.226,0.274161735,0.412765957,0.686927692,0.061143984,0.240631163,0.187234043,0.1875,0.44602273,89.35666853,16.51609933,0.13068182,0.4375,113.852,0.73073073,23,56,56
0.224,0.310734463,0.457264957,0.76799942,0.095864661,0.246240601,0.232905983,0.19345238,0.46627566,89.5231802,19.38918501,0.1026393,0.39296188,109.439,0.77557411,25,75,71
0.224,0.33895131,0.454138702,0.793090012,0.140449438,0.322097378,0.230425056,0.185714285,0.41637011,90.46058622,22.358553,0.15658363,0.4341637,114.745,0.71959459,26,63,74
0.224,0.33759124,0.479569892,0.817161132,0.105839416,0.184306569,0.255913979,0.175342465,0.48087432,89.4057149,19.33560841,0.10928962,0.40710383,113.284,0.78659794,32,77,75
0.223,0.312030075,0.465957446,0.777987521,0.110902255,0.343984962,0.242553191,0.184027777,0.46180556,93.44210039,17.63007336,0.17708333,0.55555556,117.141,0.65168539,30,68,75
0.223,0.316498316,0.432170542,0.748668858,0.111295681,0.235880398,0.209302325,0.153439153,0.51322751,91.12192897,15.7050248,0.12403101,0.45736434,117.87,0.72854478,27,74,70
0.222,0.334494773,0.443983402,0.778478175,0.141114982,0.229965156,0.221991701,0.19327731,0.50420168,88.83677142,14.62255585,0.08963585,0.39495798,110.796,0.75962539,27,78,80
0.222,0.307692307,0.374476987,0.682169294,0.098901098,0.271062271,0.152719665,0.181547619,0.4672619,90.6573111,12.03388672,0.09821429,0.43154762,111.724,0.68610301,15,59,62
0.222,0.267399267,0.325490196,0.592889463,0.043875685,0.228519195,0.103921569,0.180878552,0.40206186,88.03329951,9.341233766,0.05141388,0.38817481,113.062,0.69480519,9,58,59
0.221,0.267045454,0.37854251,0.645587964,0.05065666,0.275797373,0.157894737,0.20289855,0.36647727,86.82438908,14.81589952,0.05932203,0.32485876,111.314,0.71007605,13,63,50
0.221,0.291245791,0.272897196,0.564142987,0.090604026,0.145973154,0.052336449,0.190687361,0.25991189,86.99440597,9.758246407,0.00660793,0.26431718,104.833,0.89087093,0,72,32
0.220,0.284974093,0.388994307,0.6739684,0.077452667,0.232358003,0.168880456,0.203166226,0.50757576,87.83261149,20.54148059,0.07304786,0.36020151,112.457,0.78633975,20,65,61
0.219,0.34369287,0.344298245,0.687991115,0.153564899,0.188299817,0.125,0.205633802,0.38483146,87.69024762,16.83504094,0.0758427,0.34269663,109.982,0.81327801,14,51,53
0.219,0.305509181,0.461247637,0.766756818,0.103505843,0.202003338,0.241965974,0.155717761,0.4136253,91.07278614,15.34229707,0.12895377,0.45742092,116.928,0.78281853,35,67,89
0.218,0.322869955,0.504332755,0.82720271,0.128550074,0.298953662,0.285961872,0.156914893,0.43799472,93.25361536,19.18619359,0.2005277,0.54353562,114.765,0.72758621,46,100,94
0.217,0.312734082,0.39347826,0.706212342,0.123595505,0.245318352,0.176086956,0.202380952,0.44940476,90.72598358,15.11827775,0.10416667,0.43452381,110.823,0.74463739,18,57,62
0.217,0.309748427,0.406871609,0.716620036,0.111285266,0.258620689,0.189873418,0.192893401,0.46446701,87.35124524,18.17000615,0.12373737,0.36111111,109.842,0.71527778,24,73,80
0.217,0.317629179,0.503521126,0.821150305,0.098784194,0.229483282,0.286971831,0.156769596,0.44418052,89.45948077,18.15210367,0.14726841,0.39904988,115.745,0.76360393,46,92,118
0.216,0.285451197,0.394250513,0.67970171,0.079189686,0.283609576,0.178644764,0.194690265,0.4159292,89.85719718,15.78447496,0.08849558,0.41887906,112.961,0.69595262,16,55,54
0.214,0.305206463,0.391752577,0.69695904,0.109318996,0.252688172,0.177319588,0.193641618,0.44729345,89.88307781,19.92813657,0.11111111,0.42450142,109.732,0.79414733,17,73,57
0.214,0.318664643,0.34159292,0.660257563,0.130500758,0.154779969,0.127433628,0.177730192,0.47751606,89.86389186,12.91418169,0.06837607,0.41880342,111.151,0.79471891,19,66,69
0.212,0.285074626,0.437810945,0.722885571,0.088059701,0.240298507,0.225538972,0.173814898,0.43497758,89.02775818,19.47573143,0.12331839,0.40134529,110.959,0.72411067,35,73,101
0.212,0.333333333,0.475103734,0.808437067,0.146804835,0.264248704,0.263485477,0.173134328,0.53134328,91.15896332,21.71890304,0.14626866,0.45970149,111.067,0.71897436,36,95,105
0.210,0.265454545,0.388888888,0.654343433,0.069090909,0.272727272,0.178571428,0.172222222,0.47222222,89.40806167,20.30555661,0.08333333,0.38055556,107.297,0.76024412,19,70,68
0.210,0.313504823,0.402646502,0.716151325,0.128617363,0.324758842,0.192816635,0.145833333,0.4077381,89.65410448,18.60017636,0.13690476,0.41666667,113.31,0.70435511,27,75,72
0.209,0.283333333,0.382624768,0.665958101,0.086522462,0.277870216,0.17375231,0.217741935,0.45623342,88.74239751,14.17278593,0.09018568,0.4270557,108.717,0.73830935,21,62,60
0.207,0.298311444,0.426439232,0.724750676,0.099250936,0.342696629,0.219616205,0.170731707,0.51211073,90.71533376,20.97635373,0.14186851,0.46020761,112.636,0.6641791,25,67,66
0.202,0.316205533,0.375870069,0.692075602,0.140316205,0.173913043,0.174013921,0.168604651,0.48405797,90.74327478,15.3674579,0.09275362,0.44927536,111.263,0.80454545,19,52,60
0.202,0.239215686,0.322245322,0.561461008,0.037254901,0.209803921,0.120582121,0.19047619,0.3994709,87.00601604,9.741627604,0.04761905,0.38624339,111.564,0.74924471,11,48,38
0.199,0.35064935,0.457831325,0.808480675,0.180194805,0.34577922,0.259036145,0.166666666,0.44755245,91.51728943,22.66349224,0.18531469,0.45454545,115.128,0.63142857,38,90,77
0.198,0.314545454,0.351812366,0.66635782,0.135135135,0.277477477,0.153518123,0.218954248,0.428125,90.28769851,18.29367564,0.11838006,0.39875389,112.337,0.75104167,13,67,50
0.198,0.285714285,0.427722772,0.713437057,0.097560975,0.297909407,0.229702971,0.171091445,0.4719764,89.08053328,18.27484473,0.15044248,0.39823009,111.938,0.71917808,31,71,79
0.197,0.343055555,0.473504273,0.816559828,0.175,0.298611111,0.276923077,0.161290322,0.53887399,92.3655809,18.9892355,0.16353887,0.48525469,115.222,0.70225694,47,108,104
0.196,0.329203539,0.383620689,0.712824228,0.159292035,0.249557522,0.1875,0.189602446,0.49240122,90.3139259,20.91337052,0.1337386,0.44680851,111.151,0.75,21,69,69
0.184,0.284332688,0.341463414,0.625796102,0.108778625,0.286259541,0.157427938,0.134948096,0.46774194,88.25533719,15.10861884,0.08064516,0.35483871,111.099,0.75653207,17,58,53
